Job,1
I/O,18
I/O,11
CPU,14
CPU,11
I/O,5
I/O,20
I/O,12
I/O,15
CPU,17
I/O,8
CPU,9
I/O,13
I/O,5
CPU,14
I/O,13
CPU,4
CPU,14
I/O,15
I/O,19
I/O,16
CPU,9
CPU,2
I/O,20
CPU,12
CPU,16
I/O,7
CPU,8
CPU,13
CPU,6
I/O,16
I/O,1
CPU,1
CPU,3
CPU,16
I/O,5
I/O,2
I/O,11
CPU,8
CPU,7
I/O,12
I/O,2
CPU,5
CPU,12
CPU,9
I/O,8
I/O,11
I/O,9
CPU,18
I/O,14
I/O,1
I/O,3
CPU,20
CPU,18
I/O,4
CPU,18
CPU,6
I/O,18
I/O,3
I/O,15
I/O,5
CPU,5
CPU,9
I/O,19
CPU,8
CPU,13
CPU,17
I/O,6
CPU,1
CPU,8
CPU,8
I/O,15
CPU,9
CPU,19
CPU,6
I/O,8
CPU,7
CPU,3
I/O,12
CPU,7
I/O,13
I/O,12
CPU,16
CPU,4
I/O,6
CPU,10
I/O,16
I/O,15
I/O,2
I/O,13
I/O,20
I/O,20
CPU,19
CPU,5
CPU,9
I/O,19
CPU,3
I/O,20
CPU,18
CPU,10
I/O,13
CPU,7
I/O,2
CPU,5
I/O,7
CPU,13
I/O,1
I/O,13
I/O,12
I/O,9
CPU,14
I/O,18
CPU,7
I/O,9
I/O,3
I/O,3
CPU,14
I/O,13
I/O,17
I/O,20
I/O,11
CPU,1
CPU,6

Job,60
I/O,5
CPU,17
I/O,13
CPU,8
I/O,20
I/O,12
I/O,18
I/O,20
CPU,18
CPU,8
I/O,20
I/O,14
I/O,6
CPU,3
I/O,20
I/O,12
I/O,9
CPU,10
I/O,10
I/O,13
CPU,8
I/O,15
I/O,12
I/O,16
I/O,20
CPU,14
I/O,18
I/O,9
CPU,8
I/O,18
I/O,10
I/O,10
I/O,11
I/O,10
CPU,14
CPU,3
I/O,1
I/O,19
CPU,16
CPU,13
I/O,19
CPU,2
CPU,6
CPU,18
I/O,6
CPU,9
I/O,12
CPU,14
I/O,13
CPU,1
I/O,15
CPU,16
CPU,19
CPU,3
CPU,11
CPU,13
CPU,10
CPU,4
I/O,4
I/O,17
I/O,13
CPU,17
I/O,12
CPU,18
I/O,4
CPU,16
CPU,2
CPU,12
CPU,10
CPU,8
I/O,7
CPU,4
CPU,8
CPU,16
CPU,2
CPU,14
I/O,13
CPU,10
I/O,11
I/O,12
CPU,20
CPU,19
I/O,16
CPU,12
I/O,13
CPU,17
I/O,10
CPU,19
I/O,4
CPU,3
I/O,3
CPU,13
CPU,9
CPU,20
I/O,6
I/O,15
CPU,5
I/O,20
CPU,11
CPU,12
CPU,7
CPU,5
I/O,6
CPU,2
I/O,17
CPU,14
CPU,9
CPU,12
I/O,14
I/O,1
I/O,13
I/O,17
I/O,20
I/O,12
CPU,2
CPU,2
CPU,9
CPU,7
CPU,6
I/O,10
I/O,20
I/O,11

Job,117
CPU,13
CPU,18
I/O,1
I/O,3
CPU,19
I/O,12
I/O,10
CPU,2
I/O,11
CPU,17
CPU,12
I/O,4
I/O,4
I/O,5
I/O,15
I/O,13
I/O,19
CPU,1
CPU,11
I/O,5
I/O,6
I/O,10
CPU,3
CPU,12
CPU,12
I/O,9
I/O,8
I/O,16
I/O,15
I/O,17
I/O,12
CPU,9
I/O,6
CPU,16
I/O,8
CPU,15
CPU,9
I/O,2
I/O,14
CPU,19
I/O,5
I/O,2
CPU,7
I/O,10
CPU,10
I/O,18
CPU,15
I/O,15
I/O,8
I/O,1
I/O,19
I/O,18
I/O,10
I/O,9
CPU,17
CPU,7
CPU,3
CPU,19
CPU,10
I/O,12
CPU,2
I/O,7
CPU,20
I/O,3
I/O,6
I/O,12
CPU,18
I/O,13
CPU,6
CPU,1
I/O,3
CPU,14
I/O,10
I/O,13
I/O,19
I/O,14
I/O,19
I/O,16
I/O,8
I/O,19
CPU,3
CPU,18
CPU,2
I/O,13
I/O,20
CPU,1
I/O,17
CPU,2
I/O,10
CPU,16
CPU,12
I/O,16
CPU,9
CPU,14
I/O,4
I/O,8
I/O,5
I/O,3
I/O,17
CPU,16
I/O,14
CPU,18
CPU,14
I/O,6
I/O,10
CPU,18
I/O,11
I/O,14
CPU,3
I/O,6
CPU,5
I/O,13
I/O,6
CPU,15
I/O,20
I/O,13
CPU,1
CPU,8
I/O,9
CPU,19
CPU,7
I/O,18

Job,155
I/O,11
I/O,6
CPU,4
I/O,16
CPU,13
CPU,8
CPU,19
I/O,8
CPU,1
I/O,3
CPU,1
I/O,1
CPU,16
CPU,1
I/O,10
I/O,3
CPU,3
CPU,20
I/O,18
CPU,8
CPU,13
CPU,11
CPU,1
I/O,14
I/O,15
CPU,7
CPU,18
CPU,8
I/O,17
CPU,14
CPU,18
CPU,8
I/O,13
I/O,9
CPU,2
I/O,16
CPU,5
CPU,8
CPU,16
I/O,12
I/O,19
CPU,8
CPU,5
I/O,14
I/O,7
I/O,12
I/O,12
I/O,13
CPU,13
I/O,20
I/O,16
CPU,10
CPU,7
CPU,1
I/O,2
CPU,1
I/O,12
I/O,15
CPU,2
CPU,17
CPU,3
I/O,12
I/O,8
I/O,7
CPU,15
CPU,2
CPU,20
I/O,20
CPU,3
I/O,8
I/O,7
I/O,11
I/O,6
CPU,16
I/O,7
I/O,14
I/O,14
CPU,14
I/O,7
CPU,9
I/O,1
CPU,17
I/O,17
CPU,15
I/O,13
I/O,19
CPU,6
I/O,2
CPU,5
CPU,12
I/O,2
CPU,5
CPU,8
I/O,16
I/O,18
CPU,17
I/O,15
CPU,12
CPU,6
CPU,17
I/O,13
I/O,16
I/O,10
CPU,16
CPU,10
I/O,13
I/O,2
CPU,14
I/O,6
CPU,13
CPU,14
I/O,4
CPU,4
I/O,7
CPU,13
CPU,4
I/O,17
CPU,16
I/O,19
I/O,19
CPU,2
CPU,8

Job,217
I/O,1
CPU,17
I/O,6
CPU,9
I/O,4
CPU,7
I/O,19
I/O,11
CPU,17
CPU,5
CPU,4
CPU,20
I/O,9
CPU,11
I/O,4
CPU,3
CPU,16
I/O,17
I/O,7
CPU,20
I/O,8
I/O,7
CPU,1
CPU,11
I/O,3
CPU,5
I/O,19
CPU,5
CPU,8
CPU,4
I/O,7
I/O,4
I/O,18
I/O,14
I/O,14
I/O,11
I/O,8
I/O,5
CPU,3
CPU,18
I/O,20
CPU,18
I/O,12
CPU,11
CPU,4
I/O,8
CPU,2
CPU,1
I/O,3
CPU,15
I/O,19
I/O,9
I/O,14
I/O,2
I/O,18
I/O,15
I/O,4
CPU,1
I/O,10
CPU,3
CPU,5
CPU,9
I/O,10
I/O,19
CPU,18
I/O,6
CPU,12
I/O,10
I/O,8
I/O,17
CPU,1
CPU,5
I/O,13
CPU,12
I/O,17
I/O,10
CPU,6
CPU,8
I/O,2
CPU,6
I/O,6
CPU,6
CPU,4
CPU,18
I/O,10
CPU,10
CPU,9
CPU,2
I/O,8
I/O,4
I/O,8
I/O,2
CPU,17
I/O,8
I/O,9
I/O,20
I/O,4
I/O,4
I/O,13
I/O,13
CPU,19
CPU,14
I/O,8
CPU,16
I/O,1
I/O,16
I/O,5
I/O,8
CPU,4
CPU,6
I/O,9
CPU,19
I/O,19
I/O,6
I/O,3
I/O,5
I/O,17
I/O,6
CPU,3
CPU,12
CPU,20
I/O,3

Job,287
I/O,19
CPU,13
CPU,5
CPU,20
CPU,4
CPU,15
CPU,20
CPU,13
CPU,10
I/O,2
CPU,1
I/O,19
CPU,14
I/O,5
I/O,10
CPU,1
I/O,8
CPU,20
I/O,16
I/O,18
I/O,20
I/O,18
CPU,6
I/O,12
CPU,4
I/O,18
CPU,8
CPU,16
I/O,7
I/O,11
I/O,13
CPU,3
I/O,3
I/O,2
I/O,11
I/O,5
I/O,15
CPU,19
I/O,3
I/O,10
I/O,12
CPU,16
CPU,8
CPU,14
I/O,7
I/O,10
I/O,14
I/O,4
CPU,2
CPU,14
I/O,7
CPU,18
I/O,8
CPU,14
CPU,12
CPU,14
CPU,19
I/O,10
CPU,15
CPU,10
I/O,8
CPU,20
CPU,20
CPU,9
CPU,17
I/O,19
I/O,6
I/O,6
CPU,19
I/O,1
I/O,5
I/O,12
I/O,9
I/O,3
I/O,10
I/O,14
I/O,2
CPU,14
CPU,4
CPU,8
CPU,10
CPU,20
CPU,2
I/O,11
CPU,15
CPU,1
I/O,17
CPU,9
I/O,17
CPU,12
CPU,14
I/O,15
I/O,10
I/O,13
I/O,4
I/O,17
I/O,4
CPU,10
I/O,3
CPU,8
I/O,10
I/O,13
CPU,19
I/O,6
CPU,8
CPU,16
CPU,5
I/O,17
I/O,17
CPU,6
I/O,6
CPU,12
CPU,7
CPU,9
I/O,4
I/O,18
CPU,3
CPU,4
CPU,19
CPU,18
CPU,19
I/O,19

Job,372
CPU,20
CPU,14
I/O,3
I/O,4
CPU,4
CPU,18
CPU,8
I/O,17
CPU,5
CPU,3
I/O,20
I/O,2
I/O,14
I/O,1
I/O,17
CPU,14
I/O,16
I/O,5
I/O,16
I/O,16
I/O,16
I/O,2
CPU,16
I/O,12
CPU,9
CPU,5
CPU,6
I/O,1
CPU,2
I/O,12
I/O,11
CPU,11
CPU,18
I/O,8
I/O,10
I/O,7
I/O,4
I/O,12
CPU,16
I/O,12
CPU,14
I/O,3
CPU,7
I/O,3
I/O,20
I/O,15
CPU,18
CPU,10
CPU,13
I/O,10
CPU,7
CPU,15
I/O,11
CPU,17
I/O,17
CPU,6
CPU,1
I/O,1
CPU,19
I/O,10
CPU,4
I/O,1
CPU,9
I/O,1
I/O,20
CPU,15
CPU,20
CPU,18
I/O,18
CPU,18
I/O,20
I/O,13
CPU,3
I/O,4
CPU,1
CPU,17
I/O,11
I/O,6
CPU,15
I/O,2
I/O,6
I/O,10
CPU,7
I/O,4
I/O,6
CPU,6
I/O,8
I/O,2
CPU,6
I/O,20
I/O,7
CPU,6
I/O,5
I/O,5
I/O,4
I/O,18
CPU,17
CPU,18
I/O,6
I/O,20
I/O,9
I/O,13
I/O,6
I/O,20
I/O,6
I/O,17
I/O,18
I/O,20
CPU,10
CPU,18
I/O,13
I/O,1
CPU,18
CPU,13
CPU,6
CPU,3
I/O,4
I/O,7
I/O,12
CPU,11
I/O,9
CPU,16

Job,403
CPU,14
CPU,17
CPU,8
CPU,1
I/O,20
CPU,17
I/O,20
I/O,8
CPU,4
CPU,18
CPU,5
I/O,11
I/O,6
I/O,4
I/O,2
CPU,5
CPU,3
CPU,14
CPU,12
CPU,5
I/O,20
CPU,17
CPU,9
I/O,8
I/O,5
CPU,1
I/O,8
I/O,18
I/O,7
CPU,20
I/O,1
CPU,16
CPU,7
CPU,14
CPU,16
CPU,10
CPU,5
CPU,12
CPU,3
CPU,5
I/O,18
CPU,11
I/O,1
CPU,8
CPU,17
I/O,8
I/O,8
CPU,7
CPU,11
I/O,3
I/O,15
CPU,10
I/O,20
I/O,19
CPU,1
CPU,6
CPU,13
I/O,10
I/O,13
I/O,2
I/O,8
I/O,5
CPU,5
I/O,5
I/O,13
I/O,10
CPU,6
CPU,10
CPU,10
I/O,1
I/O,6
I/O,1
I/O,6
CPU,12
CPU,10
I/O,13
CPU,11
CPU,8
I/O,15
CPU,10
CPU,15
I/O,15
I/O,8
I/O,14
CPU,16
CPU,14
CPU,4
I/O,8
CPU,3
CPU,17
CPU,11
CPU,13
I/O,13
CPU,12
CPU,11
I/O,20
CPU,14
CPU,6
I/O,20
CPU,6
I/O,16
I/O,10
CPU,1
I/O,16
CPU,5
I/O,9
CPU,1
CPU,19
I/O,9
CPU,1
I/O,2
CPU,20
CPU,1
CPU,17
CPU,15
CPU,15
I/O,7
I/O,16
I/O,3
CPU,19
I/O,1
I/O,16

Job,495
I/O,9
CPU,4
CPU,18
CPU,7
CPU,15
I/O,14
I/O,7
I/O,9
I/O,11
CPU,16
I/O,10
I/O,6
CPU,2
CPU,15
CPU,15
CPU,20
CPU,17
I/O,15
I/O,4
CPU,10
CPU,4
CPU,10
I/O,5
I/O,20
CPU,3
CPU,8
CPU,20
CPU,7
CPU,14
CPU,13
CPU,10
I/O,10
I/O,19
I/O,16
I/O,11
CPU,16
I/O,2
CPU,14
CPU,9
I/O,8
CPU,10
CPU,8
CPU,10
CPU,2
CPU,20
I/O,9
I/O,20
I/O,8
CPU,11
CPU,7
CPU,18
CPU,20
CPU,16
CPU,9
I/O,5
I/O,14
CPU,11
I/O,17
CPU,7
CPU,4
I/O,15
CPU,17
I/O,9
I/O,7
I/O,16
CPU,14
I/O,16
CPU,11
I/O,19
CPU,15
I/O,13
CPU,15
I/O,9
CPU,6
I/O,10
I/O,3
CPU,13
I/O,8
CPU,14
CPU,5
I/O,19
CPU,14
CPU,19
CPU,2
I/O,5
I/O,5
CPU,10
CPU,3
CPU,15
CPU,8
I/O,13
I/O,10
CPU,8
I/O,5
CPU,16
CPU,13
CPU,1
CPU,8
I/O,11
CPU,17
CPU,13
CPU,8
CPU,5
I/O,11
CPU,19
I/O,7
I/O,7
I/O,9
CPU,1
CPU,17
I/O,20
CPU,16
CPU,20
CPU,19
I/O,7
I/O,14
CPU,18
CPU,5
CPU,19
I/O,17
CPU,11
CPU,16

Job,515
I/O,14
I/O,19
I/O,15
CPU,10
I/O,14
CPU,14
I/O,14
I/O,17
CPU,20
I/O,6
CPU,1
I/O,1
CPU,14
I/O,3
I/O,12
CPU,14
I/O,15
I/O,1
CPU,2
I/O,3
I/O,5
I/O,18
I/O,20
CPU,7
I/O,15
I/O,16
I/O,6
CPU,16
CPU,6
CPU,6
CPU,10
I/O,18
I/O,10
I/O,1
CPU,7
CPU,19
CPU,20
CPU,2
I/O,9
I/O,10
I/O,17
CPU,11
CPU,19
I/O,19
CPU,8
I/O,1
CPU,14
I/O,19
CPU,3
CPU,1
CPU,12
I/O,8
I/O,18
CPU,11
I/O,15
CPU,8
CPU,5
CPU,5
CPU,4
I/O,8
I/O,20
I/O,15
I/O,20
CPU,17
CPU,18
CPU,2
CPU,4
CPU,15
I/O,9
I/O,15
I/O,19
CPU,2
CPU,14
CPU,7
I/O,20
I/O,7
CPU,10
CPU,2
CPU,11
I/O,3
I/O,4
I/O,5
CPU,7
I/O,6
I/O,10
CPU,10
I/O,5
I/O,9
CPU,15
I/O,17
CPU,12
CPU,13
I/O,20
I/O,19
I/O,16
I/O,2
I/O,17
I/O,17
I/O,10
I/O,15
CPU,17
I/O,11
I/O,17
I/O,9
I/O,16
I/O,11
I/O,2
CPU,18
I/O,17
I/O,16
CPU,2
I/O,1
I/O,3
I/O,18
I/O,1
CPU,12
I/O,6
CPU,15
CPU,11
CPU,9
CPU,17
CPU,16

Job,516
I/O,13
I/O,14
I/O,9
CPU,3
I/O,19
I/O,15
CPU,19
CPU,11
I/O,18
CPU,12
CPU,17
CPU,17
CPU,10
CPU,16
CPU,10
I/O,14
CPU,14
CPU,5
I/O,9
CPU,9
I/O,6
CPU,17
I/O,14
I/O,3
I/O,11
I/O,17
I/O,8
CPU,10
I/O,2
CPU,11
I/O,20
I/O,11
CPU,17
CPU,1
CPU,16
CPU,5
CPU,18
I/O,10
I/O,12
CPU,3
I/O,8
I/O,4
I/O,16
CPU,9
I/O,3
CPU,20
I/O,18
CPU,11
CPU,15
I/O,6
I/O,1
I/O,3
CPU,13
I/O,15
I/O,17
I/O,7
I/O,6
I/O,3
CPU,9
CPU,2
I/O,15
CPU,18
CPU,11
CPU,3
CPU,7
CPU,19
I/O,3
I/O,7
I/O,15
I/O,10
CPU,16
I/O,10
I/O,2
I/O,10
CPU,11
I/O,13
CPU,2
CPU,20
CPU,19
CPU,4
I/O,20
I/O,1
I/O,6
I/O,12
CPU,8
I/O,18
I/O,14
CPU,15
CPU,17
I/O,11
CPU,12
CPU,17
CPU,15
I/O,8
CPU,10
CPU,17
I/O,15
I/O,3
I/O,19
CPU,17
CPU,4
CPU,15
CPU,9
I/O,15
CPU,18
I/O,8
CPU,18
CPU,7
CPU,1
I/O,4
CPU,6
CPU,13
CPU,3
I/O,12
CPU,17
CPU,20
CPU,9
I/O,11
CPU,17
CPU,18
I/O,17
I/O,3

Job,527
CPU,4
I/O,6
I/O,20
CPU,5
CPU,19
I/O,6
CPU,1
I/O,13
CPU,12
CPU,16
CPU,15
CPU,14
CPU,14
I/O,7
I/O,10
I/O,7
CPU,13
CPU,20
I/O,11
CPU,6
CPU,9
CPU,4
I/O,16
I/O,18
CPU,1
CPU,13
CPU,9
CPU,7
I/O,12
I/O,5
I/O,14
CPU,15
CPU,16
I/O,1
I/O,5
I/O,7
CPU,1
I/O,8
I/O,11
CPU,5
CPU,9
CPU,11
I/O,1
I/O,14
I/O,14
CPU,16
I/O,7
I/O,11
I/O,17
I/O,19
CPU,10
CPU,19
CPU,7
I/O,12
CPU,11
I/O,9
I/O,2
I/O,12
CPU,2
CPU,3
I/O,7
CPU,20
I/O,18
I/O,2
CPU,11
CPU,8
I/O,16
CPU,1
I/O,6
CPU,10
I/O,19
CPU,9
I/O,13
I/O,10
I/O,16
CPU,3
I/O,12
I/O,16
CPU,12
CPU,14
CPU,1
CPU,11
CPU,5
I/O,5
CPU,17
CPU,8
CPU,6
CPU,19
CPU,8
I/O,17
I/O,8
I/O,17
CPU,2
I/O,9
I/O,6
I/O,5
CPU,20
CPU,20
I/O,18
I/O,12
I/O,7
I/O,6
I/O,18
CPU,15
CPU,11
CPU,7
I/O,14
I/O,17
CPU,7
I/O,20
I/O,7
CPU,10
I/O,5
CPU,20
CPU,2
CPU,14
CPU,17
CPU,3
I/O,6
CPU,9
CPU,4
I/O,5

Job,580
I/O,15
CPU,3
CPU,17
CPU,3
CPU,10
CPU,14
CPU,4
I/O,13
I/O,9
I/O,17
I/O,8
I/O,8
I/O,5
CPU,18
CPU,19
I/O,11
I/O,13
CPU,19
I/O,10
I/O,20
CPU,9
I/O,3
I/O,10
CPU,16
CPU,4
CPU,13
CPU,12
I/O,5
CPU,5
CPU,19
I/O,4
I/O,11
CPU,3
I/O,2
I/O,20
CPU,3
CPU,19
I/O,12
I/O,8
I/O,10
I/O,6
CPU,7
I/O,10
CPU,13
I/O,8
CPU,9
I/O,6
CPU,18
CPU,19
CPU,7
CPU,13
I/O,9
CPU,5
CPU,7
I/O,6
I/O,4
CPU,12
CPU,8
I/O,9
I/O,18
CPU,10
CPU,11
CPU,19
I/O,10
I/O,16
I/O,12
CPU,2
I/O,9
I/O,9
CPU,15
I/O,20
I/O,19
CPU,13
CPU,2
CPU,6
I/O,16
CPU,15
I/O,1
I/O,14
I/O,13
I/O,11
I/O,17
I/O,5
I/O,19
CPU,8
I/O,20
I/O,10
CPU,12
CPU,1
CPU,17
I/O,12
CPU,6
I/O,14
I/O,11
CPU,12
I/O,16
I/O,3
CPU,20
CPU,14
CPU,19
CPU,13
CPU,20
I/O,20
CPU,6
I/O,3
CPU,5
CPU,12
CPU,16
CPU,13
I/O,4
CPU,14
CPU,12
I/O,13
I/O,9
CPU,19
I/O,17
I/O,20
CPU,9
I/O,20
CPU,2
I/O,15
CPU,7

Job,671
I/O,12
CPU,15
CPU,15
I/O,16
CPU,2
I/O,3
I/O,6
CPU,16
CPU,12
CPU,7
CPU,15
I/O,14
CPU,14
I/O,20
CPU,2
CPU,14
I/O,7
I/O,19
I/O,16
CPU,19
CPU,17
CPU,11
CPU,11
I/O,16
CPU,19
I/O,4
I/O,8
I/O,12
CPU,9
I/O,5
I/O,17
CPU,6
CPU,14
I/O,8
CPU,20
CPU,4
I/O,15
CPU,15
I/O,13
I/O,11
CPU,1
I/O,12
I/O,20
CPU,1
CPU,16
I/O,6
CPU,9
I/O,8
CPU,8
CPU,20
I/O,9
I/O,1
CPU,9
I/O,18
I/O,10
CPU,17
I/O,1
I/O,17
I/O,7
I/O,20
CPU,19
I/O,3
I/O,13
I/O,5
CPU,8
CPU,5
CPU,2
I/O,2
CPU,15
I/O,3
I/O,20
CPU,1
CPU,18
CPU,18
CPU,16
I/O,6
CPU,3
I/O,16
CPU,7
I/O,7
CPU,16
CPU,12
CPU,7
CPU,9
I/O,18
CPU,9
I/O,2
CPU,11
I/O,13
I/O,6
CPU,1
I/O,3
CPU,18
I/O,18
I/O,6
I/O,5
I/O,14
CPU,19
CPU,10
I/O,13
CPU,15
CPU,9
I/O,6
CPU,17
I/O,12
CPU,13
I/O,7
CPU,7
CPU,5
I/O,19
CPU,4
CPU,2
CPU,15
I/O,20
CPU,3
CPU,14
I/O,6
I/O,18
I/O,7
I/O,18
I/O,2
I/O,4

Job,672
CPU,15
CPU,2
I/O,15
CPU,2
I/O,20
CPU,14
I/O,16
I/O,15
CPU,13
CPU,19
CPU,6
I/O,13
I/O,18
I/O,20
CPU,5
CPU,4
I/O,8
CPU,5
I/O,18
I/O,4
I/O,14
CPU,8
I/O,2
I/O,18
I/O,10
CPU,19
CPU,5
CPU,10
I/O,9
CPU,2
I/O,6
I/O,19
I/O,20
CPU,4
I/O,20
CPU,17
I/O,4
I/O,14
I/O,18
CPU,10
I/O,3
I/O,8
CPU,6
CPU,6
CPU,15
I/O,19
I/O,17
I/O,14
I/O,17
CPU,19
I/O,11
CPU,18
I/O,17
I/O,9
I/O,5
I/O,4
CPU,4
CPU,12
I/O,19
CPU,1
I/O,13
CPU,4
CPU,13
CPU,12
I/O,13
I/O,5
I/O,18
I/O,20
I/O,6
I/O,4
I/O,7
I/O,1
CPU,8
CPU,19
CPU,17
CPU,7
CPU,4
I/O,19
I/O,13
I/O,10
CPU,15
I/O,18
I/O,20
CPU,5
I/O,20
CPU,7
CPU,15
CPU,17
CPU,10
I/O,14
I/O,20
CPU,10
I/O,16
I/O,18
I/O,1
CPU,15
I/O,7
I/O,11
CPU,2
CPU,18
I/O,4
CPU,15
I/O,6
CPU,3
CPU,17
I/O,5
CPU,2
I/O,11
I/O,12
CPU,3
I/O,2
I/O,14
I/O,9
CPU,18
I/O,13
I/O,6
I/O,13
I/O,18
CPU,5
CPU,7
I/O,5
I/O,18

Job,705
CPU,15
CPU,3
I/O,10
I/O,20
I/O,18
I/O,4
CPU,4
CPU,16
CPU,9
CPU,16
CPU,1
CPU,13
I/O,4
I/O,20
I/O,5
CPU,9
CPU,20
CPU,17
CPU,17
CPU,8
CPU,11
CPU,12
I/O,1
CPU,19
CPU,17
I/O,4
I/O,20
I/O,13
I/O,12
I/O,3
CPU,1
I/O,10
CPU,4
I/O,11
I/O,11
CPU,15
I/O,2
I/O,5
CPU,15
I/O,6
CPU,13
CPU,19
CPU,19
CPU,18
CPU,20
CPU,3
I/O,5
I/O,11
I/O,3
I/O,13
CPU,20
I/O,11
I/O,6
I/O,17
CPU,17
I/O,2
I/O,14
CPU,12
CPU,13
CPU,4
I/O,18
I/O,12
I/O,6
CPU,2
CPU,2
CPU,7
CPU,1
CPU,3
I/O,4
I/O,7
CPU,2
I/O,14
I/O,19
CPU,19
CPU,12
CPU,2
I/O,2
CPU,15
CPU,14
I/O,7
CPU,2
I/O,9
CPU,9
CPU,5
CPU,12
I/O,1
I/O,11
I/O,1
CPU,9
I/O,14
CPU,17
I/O,10
I/O,6
CPU,11
CPU,13
CPU,2
CPU,18
I/O,1
I/O,14
I/O,17
I/O,12
I/O,4
CPU,11
I/O,17
CPU,17
CPU,10
I/O,1
I/O,16
CPU,7
CPU,19
I/O,9
CPU,18
I/O,19
I/O,5
I/O,9
CPU,15
I/O,19
CPU,2
I/O,12
I/O,5
I/O,17
CPU,14

Job,784
I/O,10
I/O,7
CPU,7
I/O,17
CPU,18
I/O,12
I/O,18
I/O,12
CPU,18
I/O,13
I/O,18
CPU,9
I/O,5
I/O,3
I/O,7
CPU,6
CPU,18
CPU,15
I/O,3
CPU,5
I/O,18
CPU,11
I/O,16
CPU,12
I/O,13
CPU,9
CPU,19
I/O,13
CPU,19
I/O,3
CPU,7
I/O,19
I/O,7
I/O,6
I/O,6
CPU,7
CPU,14
CPU,11
I/O,4
I/O,18
CPU,8
I/O,19
CPU,3
I/O,4
CPU,17
CPU,19
I/O,19
I/O,4
I/O,20
CPU,3
CPU,10
CPU,12
CPU,17
CPU,17
I/O,1
CPU,13
I/O,6
I/O,16
CPU,11
CPU,9
CPU,5
CPU,11
I/O,19
I/O,12
I/O,4
CPU,13
CPU,11
I/O,6
I/O,20
I/O,14
CPU,19
I/O,7
I/O,6
CPU,14
I/O,16
I/O,10
I/O,3
I/O,8
CPU,14
CPU,16
CPU,3
I/O,5
CPU,1
I/O,15
I/O,6
CPU,15
I/O,2
I/O,15
CPU,14
CPU,20
CPU,19
CPU,1
I/O,7
CPU,14
I/O,11
CPU,16
CPU,19
CPU,11
CPU,18
CPU,14
CPU,11
I/O,18
I/O,6
I/O,14
I/O,7
CPU,1
CPU,16
I/O,6
CPU,11
CPU,20
I/O,6
I/O,13
I/O,1
I/O,13
CPU,6
I/O,15
CPU,12
I/O,16
I/O,8
CPU,7
CPU,17
I/O,20

Job,830
CPU,11
I/O,13
CPU,7
CPU,2
CPU,19
CPU,16
CPU,8
CPU,15
I/O,6
I/O,7
CPU,5
I/O,11
I/O,17
I/O,16
CPU,10
CPU,13
I/O,12
CPU,7
CPU,13
CPU,1
I/O,11
CPU,19
CPU,13
I/O,9
I/O,17
I/O,2
CPU,9
I/O,12
I/O,2
CPU,18
I/O,13
I/O,10
CPU,1
I/O,1
CPU,20
I/O,16
CPU,20
CPU,17
CPU,18
I/O,5
I/O,11
I/O,14
CPU,12
CPU,13
CPU,3
I/O,12
CPU,10
CPU,13
I/O,4
I/O,3
CPU,16
CPU,19
CPU,14
CPU,17
CPU,2
I/O,14
CPU,15
CPU,12
I/O,9
CPU,10
CPU,18
CPU,6
CPU,15
CPU,1
I/O,4
I/O,5
I/O,19
I/O,2
I/O,9
I/O,8
CPU,7
CPU,20
I/O,19
I/O,11
CPU,8
I/O,11
I/O,1
I/O,3
I/O,20
I/O,16
I/O,14
CPU,8
I/O,6
CPU,1
I/O,16
CPU,15
I/O,4
CPU,19
CPU,5
I/O,8
I/O,13
CPU,20
I/O,14
I/O,4
CPU,19
I/O,1
I/O,4
I/O,2
I/O,11
I/O,16
I/O,16
I/O,1
I/O,3
I/O,3
I/O,2
CPU,17
I/O,8
I/O,14
I/O,11
I/O,10
CPU,20
I/O,13
I/O,18
I/O,4
CPU,12
I/O,1
I/O,16
I/O,13
CPU,3
CPU,6
CPU,2
I/O,7

Job,861
CPU,14
CPU,9
CPU,10
CPU,3
I/O,5
I/O,3
I/O,10
I/O,9
CPU,16
I/O,18
CPU,7
CPU,15
CPU,4
I/O,20
CPU,1
I/O,8
I/O,5
CPU,4
CPU,7
CPU,16
CPU,10
I/O,18
CPU,20
CPU,9
CPU,5
CPU,1
I/O,2
CPU,11
CPU,5
I/O,17
I/O,14
I/O,3
CPU,2
I/O,7
CPU,3
CPU,16
I/O,15
I/O,7
I/O,15
CPU,4
CPU,5
I/O,5
I/O,4
CPU,4
I/O,1
CPU,7
I/O,9
CPU,9
I/O,17
I/O,11
I/O,12
I/O,5
CPU,5
I/O,3
CPU,6
CPU,13
I/O,5
CPU,1
I/O,17
I/O,17
CPU,20
CPU,14
I/O,14
CPU,13
I/O,12
I/O,8
I/O,19
I/O,2
CPU,5
I/O,19
CPU,10
CPU,8
I/O,19
I/O,2
I/O,1
I/O,14
I/O,14
I/O,1
I/O,13
I/O,6
CPU,7
CPU,5
CPU,1
I/O,17
I/O,9
CPU,12
I/O,16
CPU,12
I/O,15
I/O,13
CPU,17
I/O,7
I/O,10
I/O,10
CPU,19
CPU,12
CPU,19
I/O,10
CPU,20
I/O,4
CPU,3
CPU,8
CPU,12
CPU,15
I/O,11
I/O,17
CPU,15
CPU,9
I/O,11
I/O,16
CPU,2
CPU,14
I/O,11
CPU,7
CPU,17
CPU,5
CPU,16
CPU,15
I/O,6
CPU,12
I/O,4
I/O,1

Job,882
CPU,6
I/O,16
CPU,4
CPU,17
CPU,14
I/O,4
I/O,1
I/O,10
CPU,15
CPU,6
CPU,4
CPU,19
I/O,4
CPU,9
I/O,3
I/O,15
CPU,17
CPU,5
I/O,19
I/O,19
I/O,12
CPU,19
CPU,13
CPU,15
CPU,15
CPU,3
CPU,6
CPU,17
I/O,13
I/O,2
CPU,8
CPU,4
I/O,19
I/O,12
I/O,9
CPU,7
CPU,1
CPU,12
CPU,5
CPU,3
CPU,14
I/O,6
I/O,3
I/O,15
CPU,9
I/O,14
I/O,20
I/O,19
I/O,14
I/O,4
CPU,20
I/O,19
I/O,10
CPU,8
CPU,20
CPU,7
CPU,20
I/O,14
CPU,4
CPU,15
CPU,12
CPU,4
CPU,9
I/O,9
I/O,20
I/O,8
I/O,17
CPU,3
CPU,1
I/O,12
CPU,20
I/O,1
I/O,15
CPU,2
CPU,16
CPU,9
CPU,19
CPU,16
CPU,18
I/O,1
I/O,20
I/O,2
I/O,19
CPU,10
CPU,2
I/O,15
I/O,16
I/O,5
I/O,10
I/O,11
CPU,5
CPU,13
I/O,4
CPU,8
I/O,12
I/O,13
CPU,10
CPU,5
I/O,11
I/O,16
I/O,20
I/O,1
CPU,9
CPU,16
I/O,7
I/O,8
CPU,11
CPU,11
CPU,5
CPU,6
CPU,7
CPU,4
I/O,11
I/O,7
CPU,18
I/O,5
I/O,13
I/O,6
CPU,16
CPU,15
I/O,18
I/O,3

Job,949
CPU,12
CPU,17
I/O,9
I/O,10
I/O,14
I/O,4
I/O,7
I/O,18
I/O,16
CPU,1
I/O,19
I/O,6
I/O,10
I/O,12
CPU,8
CPU,11
I/O,20
I/O,9
CPU,7
CPU,7
I/O,10
CPU,10
CPU,15
I/O,7
I/O,16
I/O,1
I/O,13
I/O,14
I/O,17
CPU,20
I/O,12
I/O,5
CPU,15
CPU,11
I/O,16
I/O,18
I/O,11
I/O,8
CPU,12
I/O,2
CPU,13
I/O,13
I/O,14
I/O,12
I/O,11
CPU,2
CPU,3
I/O,15
I/O,16
CPU,6
CPU,3
I/O,20
CPU,6
CPU,4
CPU,20
I/O,14
I/O,20
I/O,16
CPU,2
CPU,3
I/O,19
CPU,13
I/O,17
CPU,7
CPU,15
CPU,18
CPU,5
CPU,6
I/O,20
CPU,4
CPU,17
CPU,9
CPU,1
I/O,16
I/O,4
CPU,6
CPU,6
I/O,16
CPU,1
I/O,17
I/O,1
CPU,13
I/O,5
I/O,13
CPU,19
CPU,4
CPU,2
I/O,9
I/O,11
CPU,11
CPU,5
I/O,11
I/O,13
CPU,14
I/O,20
CPU,10
CPU,1
I/O,11
CPU,1
I/O,2
CPU,4
I/O,2
I/O,2
CPU,5
CPU,8
CPU,10
CPU,12
CPU,11
CPU,19
CPU,19
CPU,16
CPU,20
CPU,7
CPU,13
CPU,11
I/O,12
CPU,18
CPU,3
I/O,14
I/O,11
CPU,4
I/O,11

Job,1011
CPU,9
CPU,6
I/O,15
I/O,16
CPU,11
I/O,3
CPU,6
CPU,12
I/O,13
I/O,2
CPU,13
I/O,2
CPU,4
CPU,2
I/O,17
I/O,19
CPU,3
CPU,14
CPU,2
I/O,1
CPU,8
CPU,9
I/O,17
I/O,12
I/O,12
CPU,17
CPU,13
CPU,11
I/O,12
I/O,16
I/O,3
I/O,14
I/O,14
I/O,15
CPU,4
CPU,20
CPU,7
CPU,16
CPU,20
CPU,3
I/O,14
CPU,4
CPU,12
I/O,1
I/O,1
CPU,1
I/O,16
I/O,15
I/O,17
I/O,14
CPU,14
CPU,5
CPU,8
CPU,13
I/O,12
I/O,5
I/O,16
CPU,17
CPU,19
CPU,8
I/O,2
CPU,8
CPU,3
I/O,9
I/O,5
I/O,19
I/O,20
I/O,7
CPU,13
CPU,20
I/O,4
I/O,4
I/O,20
CPU,20
CPU,18
CPU,7
CPU,13
CPU,4
CPU,9
CPU,7
CPU,5
I/O,16
I/O,5
I/O,15
I/O,3
CPU,16
I/O,13
I/O,10
I/O,20
I/O,3
I/O,13
CPU,20
CPU,7
CPU,2
I/O,11
I/O,15
CPU,20
I/O,7
CPU,16
CPU,16
I/O,7
CPU,17
I/O,10
I/O,16
CPU,11
CPU,9
I/O,8
I/O,1
CPU,20
CPU,20
I/O,10
I/O,11
CPU,15
I/O,9
I/O,10
I/O,20
I/O,17
I/O,8
I/O,4
I/O,5
CPU,20
I/O,12

Job,1104
I/O,15
CPU,4
I/O,7
I/O,10
CPU,1
I/O,3
I/O,12
CPU,5
I/O,3
CPU,7
I/O,20
I/O,17
I/O,15
I/O,8
I/O,11
CPU,17
CPU,12
CPU,18
I/O,2
I/O,8
CPU,3
I/O,9
CPU,19
CPU,13
I/O,19
I/O,7
CPU,15
CPU,3
I/O,6
CPU,18
CPU,16
CPU,16
CPU,20
CPU,3
CPU,9
CPU,18
CPU,3
I/O,1
CPU,10
CPU,9
CPU,4
I/O,20
CPU,11
I/O,15
CPU,1
CPU,6
I/O,1
CPU,15
I/O,20
CPU,11
I/O,20
I/O,17
I/O,18
CPU,6
I/O,9
CPU,6
CPU,7
I/O,12
I/O,5
I/O,1
I/O,6
CPU,18
CPU,16
I/O,13
CPU,4
CPU,6
CPU,7
I/O,16
I/O,14
I/O,1
CPU,18
I/O,13
CPU,6
I/O,11
CPU,3
CPU,19
I/O,15
I/O,4
CPU,19
CPU,13
I/O,2
I/O,20
CPU,4
CPU,1
I/O,18
CPU,14
I/O,18
CPU,18
I/O,3
CPU,13
CPU,1
I/O,14
I/O,19
I/O,20
I/O,5
CPU,8
I/O,16
CPU,15
CPU,18
CPU,1
CPU,1
I/O,20
I/O,12
I/O,6
I/O,20
I/O,18
CPU,1
CPU,13
I/O,5
CPU,7
CPU,10
I/O,7
I/O,20
CPU,14
CPU,5
I/O,11
CPU,12
I/O,14
CPU,20
I/O,14
I/O,14
CPU,15

Job,1169
CPU,6
I/O,11
I/O,9
CPU,6
I/O,6
CPU,15
I/O,11
I/O,16
I/O,12
CPU,11
I/O,15
CPU,8
CPU,11
I/O,12
I/O,3
CPU,16
I/O,7
I/O,13
CPU,4
CPU,12
I/O,12
CPU,16
I/O,8
CPU,1
CPU,6
I/O,1
CPU,5
CPU,17
I/O,19
I/O,16
I/O,9
I/O,16
I/O,13
CPU,12
CPU,18
I/O,20
CPU,3
CPU,13
I/O,13
I/O,14
I/O,2
I/O,8
CPU,1
I/O,18
I/O,14
CPU,19
CPU,20
CPU,10
I/O,3
I/O,14
I/O,11
I/O,5
CPU,20
CPU,3
I/O,15
CPU,20
I/O,4
I/O,19
CPU,5
I/O,9
CPU,7
CPU,17
CPU,12
CPU,12
I/O,10
I/O,13
CPU,7
I/O,11
CPU,1
I/O,1
I/O,1
I/O,1
CPU,15
I/O,19
I/O,16
CPU,7
CPU,8
I/O,19
I/O,16
CPU,11
I/O,15
I/O,3
CPU,14
I/O,18
CPU,3
CPU,20
CPU,9
CPU,2
CPU,16
I/O,17
CPU,5
CPU,8
I/O,1
CPU,11
CPU,6
I/O,15
I/O,14
CPU,1
CPU,19
CPU,2
I/O,13
I/O,12
CPU,18
I/O,20
CPU,1
CPU,16
CPU,20
I/O,12
CPU,15
CPU,19
CPU,18
CPU,17
I/O,14
I/O,18
CPU,17
I/O,20
I/O,6
CPU,5
CPU,3
I/O,18
I/O,13
CPU,2

Job,1201
I/O,1
I/O,19
I/O,7
I/O,8
I/O,11
CPU,15
I/O,10
I/O,3
CPU,6
I/O,13
I/O,8
CPU,1
I/O,10
CPU,19
CPU,13
CPU,9
I/O,11
I/O,2
CPU,9
I/O,8
I/O,9
CPU,14
CPU,13
CPU,5
I/O,1
I/O,13
I/O,10
I/O,20
I/O,7
I/O,10
I/O,20
I/O,2
I/O,13
I/O,4
I/O,8
I/O,18
CPU,19
CPU,7
CPU,9
I/O,3
I/O,9
I/O,10
CPU,19
I/O,17
I/O,9
I/O,2
CPU,8
CPU,20
I/O,20
CPU,1
CPU,1
CPU,16
CPU,14
CPU,7
I/O,10
I/O,12
I/O,9
CPU,2
I/O,20
CPU,20
I/O,19
I/O,11
I/O,2
CPU,19
I/O,16
CPU,6
I/O,6
CPU,12
CPU,2
CPU,3
CPU,16
CPU,10
I/O,17
CPU,2
I/O,6
I/O,12
CPU,16
CPU,19
I/O,4
CPU,4
I/O,5
I/O,3
I/O,6
CPU,16
I/O,19
CPU,11
I/O,19
I/O,3
I/O,13
I/O,15
CPU,18
I/O,1
CPU,18
I/O,12
I/O,5
CPU,12
I/O,3
CPU,2
CPU,1
CPU,9
I/O,11
CPU,20
I/O,2
I/O,17
I/O,12
I/O,4
CPU,4
CPU,3
CPU,18
I/O,15
I/O,13
I/O,3
CPU,14
CPU,1
CPU,1
CPU,13
I/O,5
CPU,20
CPU,14
CPU,7
CPU,6
CPU,9

Job,1265
CPU,10
CPU,20
I/O,13
CPU,11
CPU,4
I/O,9
CPU,1
I/O,9
CPU,19
CPU,1
CPU,6
I/O,6
CPU,18
CPU,14
CPU,17
CPU,4
I/O,16
I/O,17
CPU,5
I/O,18
I/O,6
I/O,12
CPU,1
I/O,18
I/O,14
I/O,9
I/O,2
I/O,6
I/O,9
I/O,8
CPU,1
CPU,19
I/O,15
I/O,3
I/O,10
I/O,1
I/O,17
CPU,6
I/O,19
CPU,16
I/O,10
CPU,7
I/O,4
CPU,14
CPU,19
I/O,8
I/O,19
CPU,12
CPU,12
CPU,12
I/O,12
I/O,17
CPU,14
CPU,8
I/O,20
I/O,4
I/O,13
I/O,12
CPU,7
CPU,10
CPU,1
CPU,5
I/O,10
CPU,10
CPU,18
CPU,14
CPU,15
I/O,19
CPU,3
CPU,4
CPU,5
I/O,16
CPU,4
I/O,5
CPU,16
I/O,17
I/O,13
CPU,3
I/O,19
I/O,8
I/O,8
I/O,11
CPU,13
I/O,2
I/O,6
I/O,5
I/O,5
I/O,17
I/O,17
CPU,2
I/O,4
I/O,18
CPU,4
I/O,19
CPU,4
CPU,9
I/O,18
I/O,4
I/O,7
I/O,19
I/O,9
I/O,15
I/O,3
CPU,8
CPU,19
CPU,17
I/O,4
CPU,2
CPU,15
I/O,7
CPU,4
I/O,6
I/O,5
CPU,10
I/O,13
I/O,9
I/O,9
I/O,3
I/O,13
CPU,19
I/O,14
CPU,6

Job,1265
I/O,15
I/O,19
I/O,10
CPU,18
CPU,13
CPU,11
CPU,2
CPU,15
I/O,20
I/O,17
CPU,4
I/O,5
I/O,14
CPU,16
CPU,17
CPU,8
CPU,10
I/O,8
I/O,15
I/O,15
CPU,2
I/O,10
I/O,8
I/O,8
CPU,10
CPU,4
I/O,7
CPU,10
I/O,20
CPU,17
I/O,12
I/O,14
I/O,18
CPU,16
I/O,4
I/O,3
CPU,16
I/O,19
I/O,7
I/O,19
I/O,1
I/O,1
I/O,7
I/O,5
I/O,7
I/O,11
CPU,9
CPU,11
I/O,13
CPU,19
CPU,16
CPU,17
I/O,16
I/O,14
CPU,3
CPU,3
I/O,7
I/O,16
CPU,8
CPU,18
I/O,19
CPU,6
I/O,19
I/O,11
CPU,14
CPU,17
CPU,20
I/O,19
I/O,2
I/O,13
CPU,4
CPU,14
I/O,5
CPU,2
I/O,13
CPU,14
I/O,20
CPU,8
I/O,10
I/O,2
I/O,12
CPU,7
CPU,5
I/O,3
CPU,19
CPU,1
CPU,18
I/O,7
I/O,19
I/O,4
I/O,1
CPU,16
CPU,7
I/O,3
I/O,10
CPU,3
I/O,19
I/O,11
CPU,11
CPU,4
CPU,9
CPU,14
I/O,20
I/O,18
I/O,17
I/O,14
CPU,16
I/O,5
I/O,14
I/O,6
CPU,12
I/O,13
CPU,19
CPU,19
I/O,2
I/O,4
I/O,16
I/O,9
I/O,20
CPU,16
I/O,14
I/O,11

Job,1293
CPU,18
CPU,14
CPU,13
I/O,11
I/O,15
CPU,9
CPU,4
CPU,15
I/O,8
I/O,19
CPU,5
CPU,8
I/O,18
I/O,20
CPU,18
I/O,6
CPU,5
CPU,10
I/O,7
I/O,9
I/O,16
I/O,3
CPU,19
CPU,2
CPU,15
CPU,10
I/O,4
I/O,15
CPU,16
CPU,13
I/O,7
I/O,8
I/O,13
I/O,12
CPU,19
I/O,16
I/O,10
CPU,15
CPU,5
CPU,14
I/O,11
I/O,20
CPU,16
CPU,17
CPU,12
I/O,17
I/O,3
I/O,19
I/O,17
CPU,11
CPU,8
I/O,14
I/O,4
CPU,18
I/O,2
CPU,10
CPU,18
CPU,15
CPU,2
I/O,20
CPU,15
I/O,7
I/O,18
I/O,4
CPU,5
CPU,19
CPU,18
CPU,17
I/O,16
CPU,19
CPU,1
CPU,3
I/O,9
CPU,13
I/O,6
I/O,14
I/O,17
I/O,10
CPU,7
CPU,11
CPU,10
CPU,11
I/O,6
CPU,8
I/O,1
I/O,16
CPU,2
I/O,12
CPU,12
I/O,17
CPU,16
CPU,1
I/O,5
I/O,15
I/O,4
CPU,7
I/O,6
I/O,7
CPU,19
I/O,16
I/O,3
CPU,18
CPU,8
CPU,19
I/O,14
I/O,2
CPU,16
I/O,8
I/O,11
CPU,5
CPU,5
I/O,4
I/O,13
CPU,7
I/O,12
CPU,10
I/O,2
I/O,15
I/O,20
I/O,4
CPU,6
I/O,5

Job,1320
CPU,9
I/O,19
CPU,18
I/O,12
I/O,1
I/O,9
CPU,14
CPU,7
I/O,16
CPU,13
I/O,2
CPU,20
I/O,10
CPU,1
I/O,13
I/O,7
CPU,16
I/O,11
CPU,1
CPU,3
I/O,7
I/O,20
CPU,18
CPU,15
CPU,20
CPU,5
CPU,6
I/O,14
CPU,13
I/O,2
CPU,1
CPU,11
I/O,15
I/O,1
I/O,17
I/O,6
CPU,20
I/O,9
I/O,18
I/O,9
CPU,2
I/O,8
CPU,8
I/O,16
CPU,13
I/O,19
I/O,17
CPU,15
CPU,8
I/O,19
I/O,4
I/O,17
CPU,16
I/O,17
CPU,4
CPU,4
I/O,8
CPU,8
I/O,4
I/O,16
CPU,13
CPU,10
I/O,18
I/O,3
CPU,8
CPU,14
I/O,11
CPU,6
I/O,16
I/O,13
CPU,3
CPU,5
I/O,6
I/O,6
CPU,17
CPU,20
CPU,19
I/O,20
I/O,9
CPU,20
I/O,14
CPU,19
I/O,3
I/O,20
CPU,15
I/O,20
CPU,10
I/O,1
I/O,5
I/O,20
CPU,10
I/O,6
I/O,11
I/O,7
CPU,18
I/O,20
CPU,13
CPU,5
I/O,14
I/O,3
CPU,12
I/O,11
I/O,6
I/O,20
CPU,1
I/O,8
CPU,9
I/O,1
I/O,18
I/O,2
CPU,3
CPU,20
I/O,14
I/O,14
I/O,6
CPU,11
I/O,2
I/O,5
CPU,13
CPU,20
I/O,14
I/O,20

Job,1336
CPU,3
CPU,9
I/O,4
I/O,6
I/O,12
I/O,13
CPU,19
I/O,12
CPU,15
I/O,18
I/O,17
CPU,4
I/O,17
I/O,13
I/O,14
CPU,20
I/O,14
CPU,19
I/O,19
CPU,16
I/O,10
CPU,16
CPU,5
I/O,13
CPU,11
I/O,17
I/O,12
CPU,19
I/O,16
CPU,2
CPU,7
I/O,16
I/O,4
I/O,6
I/O,1
I/O,5
CPU,8
I/O,13
I/O,17
CPU,7
I/O,20
CPU,8
I/O,7
CPU,17
I/O,20
I/O,11
CPU,5
CPU,18
I/O,16
CPU,17
I/O,8
CPU,14
CPU,1
CPU,5
CPU,20
I/O,14
I/O,2
CPU,14
CPU,4
I/O,8
CPU,15
I/O,16
CPU,1
I/O,19
CPU,1
I/O,18
CPU,16
I/O,20
I/O,17
I/O,15
CPU,14
CPU,19
I/O,4
CPU,19
CPU,3
CPU,3
CPU,20
I/O,9
I/O,4
I/O,7
I/O,9
CPU,13
CPU,19
CPU,7
CPU,10
CPU,18
CPU,17
CPU,14
CPU,17
CPU,18
I/O,10
CPU,15
CPU,12
CPU,9
CPU,1
CPU,1
CPU,1
I/O,2
CPU,16
I/O,13
CPU,2
CPU,18
I/O,6
I/O,1
CPU,6
I/O,10
I/O,11
CPU,10
CPU,13
CPU,7
I/O,11
CPU,15
CPU,14
I/O,15
I/O,16
I/O,8
CPU,20
CPU,2
CPU,8
CPU,11
CPU,3
CPU,14
